"","Age","Work_Experience","Family_Size","Gender_Female","Ever_Married_No","Graduated_No","Profession_Doctor","Profession_Engineer","Profession_Entertainment","Profession_Executive","Profession_Healthcare","Profession_Homemaker","Profession_Lawyer","Profession_Marketing","Spending_Score_Average","Spending_Score_High"
"1",0.128778273806691,-0.0613917466545017,-0.143602579586683,-0.0409544660054388,-0.830638413860243,-0.202367382763762,3.2106431850809,-0.30911167560259,-0.371543858673334,-0.286296300174215,-0.439810901520714,-0.164963856674817,-0.284466481058237,-0.189535534659834,0.899339594248144,-0.177059486096164
"2",-0.0422994869089891,0.0428263972133958,-0.0515835549069623,-0.372196927251472,-0.0443549383504096,0.00507494370776535,-0.311417709330186,-0.309111675602593,2.69107165367934,-0.286296300174221,-0.439810901520714,-0.164963856674817,-0.28446648105824,-0.189535534659834,0.202840555120896,-0.307916649625348
"3",-1.02281693245251,-0.012843787244126,0.60792009436972,-0.0664186738449173,0.984286654360462,0.592311162128622,-0.311417709330179,-0.309111675602593,-0.371543858673324,-0.282842313713747,2.23368515935106,-0.164963856674821,-0.280993632919016,-0.189535534659832,-0.504931103610647,-0.344448954994622
"4",0.770186208572478,-0.258946711916933,-0.0658874799739307,-0.213532866062539,-0.792699805575327,-0.272636980464753,-0.311417709330167,-0.297362958193349,-0.371543858673338,0.488853839876246,-0.427442502920454,-0.154643101689969,0.498065655105629,-0.160093979023288,0.30701101266369,0.570565231527445
"5",-0.265544897416598,0.338763387185578,-0.261515944537008,0.504268380262872,0.395391995630084,-0.0328750744901945,-0.311417709330171,0.827549024502692,-0.37154385867333,-0.259036258309134,-0.439810901520703,0.436214393804063,-0.273924594642281,0.477643848300069,-0.212612880810915,-0.312515360104312
"6",-0.757203904111378,0.0263307070766253,0.126906682155954,-0.0208004827344035,1.07879768978317,0.339140374440677,3.2106431850809,-0.309111675602591,-0.371543858673334,-0.286296300174215,-0.439810901520713,-0.164963856674817,-0.284466481058235,-0.189535534659834,-0.576734401053187,-0.412932772113366
